"Column (0)","Type 1","Type 2","HP","Attack","Defense","Sp. Atk","Sp. Def","Speed","Legendary","LogHP"
"0","Grass","Poison","95","49","49","65","65","45","false","1.9777236052888478"
"1","Grass","Poison","110","62","63","80","80","60","false","2.041392685158225"
"2","Grass","Poison","130","82","83","100","100","80","false","2.113943352306837"
"3","Grass","Poison","130","100","123","122","120","80","false","2.113943352306837"
"4","Fire","","89","52","43","60","50","65","false","1.9493900066449128"
"5","Fire","","108","64","58","80","65","80","false","2.03342375548695"
"6","Fire","Flying","128","84","78","109","85","100","false","2.1072099696478683"
"7","Fire","Dragon","128","130","111","130","85","100","false","2.1072099696478683"
"8","Fire","Flying","128","104","78","159","115","100","false","2.1072099696478683"
"9","Water","","94","48","65","50","64","43","false","1.9731278535996986"
"10","Water","","109","63","80","65","80","58","false","2.037426497940624"
"11","Water","","129","83","100","85","105","78","false","2.110589710299249"
"12","Water","","129","103","120","135","115","78","false","2.110589710299249"
"13","Bug","","95","30","35","20","20","45","false","1.9777236052888478"
"14","Bug","","100","20","55","25","25","30","false","2"
"15","Bug","Flying","110","45","50","90","80","70","false","2.041392685158225"
"16","Bug","Poison","90","35","30","20","20","50","false","1.954242509439325"
"17","Bug","Poison","95","25","50","25","25","35","false","1.9777236052888478"
"18","Bug","Poison","115","90","40","45","80","75","false","2.060697840353612"
"19","Bug","Poison","115","150","40","15","80","145","false","2.060697840353612"
"20","Normal","Flying","90","45","40","35","35","56","false","1.954242509439325"
"21","Normal","Flying","113","60","55","50","50","71","false","2.0530784434834195"
"22","Normal","Flying","133","80","75","70","70","101","false","2.123851640967086"
"23","Normal","Flying","133","80","80","135","80","121","false","2.123851640967086"
"24","Normal","","80","56","35","25","35","72","false","1.9030899869919435"
"25","Normal","","105","81","60","50","70","97","false","2.0211892990699383"
"26","Normal","Flying","90","60","30","31","31","70","false","1.954242509439325"
"27","Normal","Flying","115","90","65","61","61","100","false","2.060697840353612"
"28","Poison","","85","60","44","40","54","55","false","1.9294189257142926"
"29","Poison","","110","85","69","65","79","80","false","2.041392685158225"
"30","Electric","","85","55","40","50","50","90","false","1.9294189257142926"
"31","Electric","","110","90","55","90","80","110","false","2.041392685158225"
"32","Ground","","100","75","85","20","30","40","false","2"
"33","Ground","","125","100","110","45","55","65","false","2.0969100130080562"
"34","Poison","","105","47","52","40","40","41","false","2.0211892990699383"
"35","Poison","","120","62","67","55","55","56","false","2.0791812460476247"
"36","Poison","Ground","140","92","87","75","85","76","false","2.146128035678238"
"37","Poison","","96","57","40","40","40","50","false","1.9822712330395684"
"38","Poison","","111","72","57","55","55","65","false","2.0453229787866576"
"39","Poison","Ground","131","102","77","85","75","85","false","2.1172712956557644"
"42","Fire","","88","41","40","50","65","65","false","1.9444826721501687"
"43","Fire","","123","76","75","81","100","100","false","2.089905111439398"
"44","Normal","Fairy","165","45","20","45","25","20","false","2.2174839442139063"
"45","Normal","Fairy","190","70","45","85","50","45","false","2.278753600952829"
"46","Poison","Flying","90","45","35","30","40","55","false","1.954242509439325"
"47","Poison","Flying","125","80","70","65","75","90","false","2.0969100130080562"
"48","Grass","Poison","95","50","55","75","65","30","false","1.9777236052888478"
"49","Grass","Poison","110","65","70","85","75","40","false","2.041392685158225"
"50","Grass","Poison","125","80","85","110","90","50","false","2.0969100130080562"
"51","Bug","Grass","85","70","55","45","55","25","false","1.9294189257142926"
"52","Bug","Grass","110","95","80","60","80","30","false","2.041392685158225"
"53","Bug","Poison","110","55","50","40","55","45","false","2.041392685158225"
"54","Bug","Poison","120","65","60","90","75","90","false","2.0791812460476247"
"55","Ground","","60","55","25","35","45","95","false","1.7781512503836436"
"56","Ground","","85","80","50","50","70","120","false","1.9294189257142926"
"57","Normal","","90","45","35","40","40","90","false","1.954242509439325"
"58","Normal","","115","70","60","65","65","115","false","2.060697840353612"
"59","Water","","100","52","48","65","50","55","false","2"
"60","Water","","130","82","78","95","80","85","false","2.113943352306837"
"61","Fighting","","90","80","35","35","45","70","false","1.954242509439325"
"62","Fighting","","115","105","60","60","70","95","false","2.060697840353612"
"63","Fire","","105","70","45","70","50","60","false","2.0211892990699383"
"64","Fire","","140","110","80","100","80","95","false","2.146128035678238"
"65","Water","","90","50","40","40","40","90","false","1.954242509439325"
"66","Water","","115","65","65","50","50","90","false","2.060697840353612"
"67","Water","Fighting","140","95","95","70","90","70","false","2.146128035678238"
"68","Psychic","","75","20","15","105","55","90","false","1.8750612633917"
"69","Psychic","","90","35","30","120","70","105","false","1.954242509439325"
"70","Psychic","","105","50","45","135","95","120","false","2.0211892990699383"
"71","Psychic","","105","50","65","175","95","150","false","2.0211892990699383"
"72","Fighting","","120","80","50","35","35","35","false","2.0791812460476247"
"73","Fighting","","130","100","70","50","60","45","false","2.113943352306837"
"74","Fighting","","140","130","80","65","85","55","false","2.146128035678238"
"75","Grass","Poison","100","75","35","70","30","40","false","2"
"76","Grass","Poison","115","90","50","85","45","55","false","2.060697840353612"
"77","Grass","Poison","130","105","65","100","70","70","false","2.113943352306837"
"78","Water","Poison","90","40","35","50","100","70","false","1.954242509439325"
"79","Water","Poison","130","70","65","80","120","100","false","2.113943352306837"
"80","Rock","Ground","90","80","100","30","30","20","false","1.954242509439325"
"81","Rock","Ground","105","95","115","45","45","35","false","2.0211892990699383"
"82","Rock","Ground","130","120","130","55","65","45","false","2.113943352306837"
"83","Fire","","100","85","55","65","65","90","false","2"
"84","Fire","","115","100","70","80","80","105","false","2.060697840353612"
"85","Water","Psychic","140","65","65","40","40","15","false","2.146128035678238"
"86","Water","Psychic","145","75","110","100","80","30","false","2.161368002234975"
"87","Water","Psychic","145","75","180","130","80","30","false","2.161368002234975"
"88","Electric","Steel","75","35","70","95","55","45","false","1.8750612633917"
"89","Electric","Steel","100","60","95","120","70","70","false","2"
"90","Normal","Flying","102","65","55","58","62","60","false","2.0086001717619175"
"91","Normal","Flying","85","85","45","35","35","75","false","1.9294189257142926"
"92","Normal","Flying","110","110","70","60","60","100","false","2.041392685158225"
"93","Water","","115","45","55","45","70","45","false","2.060697840353612"
"94","Water","Ice","140","70","80","70","95","70","false","2.146128035678238"
"95","Poison","","130","80","50","40","50","25","false","2.113943352306837"
"96","Poison","","155","105","75","65","100","50","false","2.1903316981702914"
"97","Water","","80","65","100","45","25","40","false","1.9030899869919435"
"98","Water","Ice","100","95","180","85","45","70","false","2"
"99","Ghost","Poison","80","35","30","100","35","80","false","1.9030899869919435"
"100","Ghost","Poison","95","50","45","115","55","95","false","1.9777236052888478"
"101","Ghost","Poison","110","65","60","130","75","110","false","2.041392685158225"
"102","Ghost","Poison","110","65","80","170","95","130","false","2.041392685158225"
"103","Rock","Ground","85","45","160","30","45","70","false","1.9294189257142926"
"104","Psychic","","110","48","45","43","90","42","false","2.041392685158225"
"105","Psychic","","135","73","70","73","115","67","false","2.130333768495006"
"106","Water","","80","105","90","25","25","50","false","1.9030899869919435"
"107","Water","","105","130","115","50","50","75","false","2.0211892990699383"
"108","Electric","","90","30","50","55","55","100","false","1.954242509439325"
"109","Electric","","110","50","70","80","80","140","false","2.041392685158225"
"110","Grass","Psychic","110","40","80","60","45","40","false","2.041392685158225"
"111","Grass","Psychic","145","95","85","125","65","55","false","2.161368002234975"
"112","Ground","","100","50","95","40","50","35","false","2"
"113","Ground","","110","80","110","50","80","45","false","2.041392685158225"
"114","Fighting","","100","120","53","35","110","87","false","2"
"115","Fighting","","100","105","79","35","110","76","false","2"
"116","Normal","","140","55","75","60","75","30","false","2.146128035678238"
"117","Poison","","90","65","95","60","45","35","false","1.954242509439325"
"118","Poison","","115","90","120","85","70","60","false","2.060697840353612"
"119","Ground","Rock","130","85","95","30","30","25","false","2.113943352306837"
"120","Ground","Rock","155","130","120","45","45","40","false","2.1903316981702914"
"121","Normal","","300","5","5","35","105","50","false","2.4771212547196626"
"122","Grass","","115","55","115","100","40","60","false","2.060697840353612"
"123","Normal","","155","95","80","40","80","90","false","2.1903316981702914"
"124","Normal","","155","125","100","60","100","100","false","2.1903316981702914"
"125","Water","","80","40","70","70","25","60","false","1.9030899869919435"
"126","Water","","105","65","95","95","45","85","false","2.0211892990699383"
"127","Water","","95","67","60","35","50","63","false","1.9777236052888478"
"128","Water","","130","92","65","65","80","68","false","2.113943352306837"
"129","Water","","80","45","55","70","55","85","false","1.9030899869919435"
"130","Water","Psychic","110","75","85","100","85","115","false","2.041392685158225"
"131","Psychic","Fairy","90","45","65","100","120","90","false","1.954242509439325"
"132","Bug","Flying","120","110","80","55","80","105","false","2.0791812460476247"
"133","Ice","Psychic","115","50","35","115","95","95","false","2.060697840353612"
"134","Electric","","115","83","57","95","85","105","false","2.060697840353612"
"135","Fire","","115","95","57","100","85","93","false","2.060697840353612"
"136","Bug","","115","125","100","55","70","85","false","2.060697840353612"
"137","Bug","Flying","115","155","120","65","90","105","false","2.060697840353612"
"138","Normal","","125","100","95","40","70","110","false","2.0969100130080562"
"139","Water","","70","10","55","15","20","80","false","1.845098040014257"
"140","Water","Flying","145","125","79","60","100","81","false","2.161368002234975"
"141","Water","Dark","145","155","109","70","130","81","false","2.161368002234975"
"142","Water","Ice","180","85","80","85","95","60","false","2.255272505103306"
"143","Normal","","98","48","48","48","48","48","false","1.9912260756924949"
"144","Normal","","105","55","50","45","65","55","false","2.0211892990699383"
"145","Water","","180","65","60","110","95","65","false","2.255272505103306"
"146","Electric","","115","65","60","110","95","130","false","2.060697840353612"
"147","Fire","","115","130","60","95","110","65","false","2.060697840353612"
"148","Normal","","115","60","70","85","75","40","false","2.060697840353612"
"149","Rock","Water","85","40","100","90","55","35","false","1.9294189257142926"
"150","Rock","Water","120","60","125","115","70","55","false","2.0791812460476247"
"151","Rock","Water","80","80","90","55","45","55","false","1.9030899869919435"
"152","Rock","Water","110","115","105","65","70","80","false","2.041392685158225"
"153","Rock","Flying","130","105","65","60","75","130","false","2.113943352306837"
"154","Rock","Flying","130","135","85","70","95","150","false","2.113943352306837"
"155","Normal","","210","110","65","65","110","30","false","2.322219294733919"
"156","Ice","Flying","140","85","100","95","125","85","true","2.146128035678238"
"157","Electric","Flying","140","90","85","125","90","100","true","2.146128035678238"
"158","Fire","Flying","140","100","90","125","85","90","true","2.146128035678238"
"159","Dragon","","91","64","45","50","50","50","false","1.9590413923210936"
"160","Dragon","","111","84","65","70","70","70","false","2.0453229787866576"
"161","Dragon","Flying","141","134","95","100","100","80","false","2.1492191126553797"
"162","Psychic","","156","110","90","154","90","130","true","2.1931245983544616"
"163","Psychic","Fighting","156","190","100","154","100","130","true","2.1931245983544616"
"164","Psychic","","156","150","70","194","120","140","true","2.1931245983544616"
"165","Psychic","","150","100","100","100","100","100","false","2.1760912590556813"
"166","Grass","","95","49","65","49","65","45","false","1.9777236052888478"
"167","Grass","","110","62","80","63","80","60","false","2.041392685158225"
"168","Grass","","130","82","100","83","100","80","false","2.113943352306837"
"169","Fire","","89","52","43","60","50","65","false","1.9493900066449128"
"170","Fire","","108","64","58","80","65","80","false","2.03342375548695"
"171","Fire","","128","84","78","109","85","100","false","2.1072099696478683"
"172","Water","","100","65","64","44","48","43","false","2"
"173","Water","","115","80","80","59","63","58","false","2.060697840353612"
"174","Water","","135","105","100","79","83","78","false","2.130333768495006"
"175","Normal","","85","46","34","35","45","20","false","1.9294189257142926"
"176","Normal","","135","76","64","45","55","90","false","2.130333768495006"
"177","Normal","Flying","110","30","30","36","56","50","false","2.041392685158225"
"178","Normal","Flying","150","50","50","76","96","70","false","2.1760912590556813"
"179","Bug","Flying","90","20","30","40","80","55","false","1.954242509439325"
"180","Bug","Flying","105","35","50","55","110","85","false","2.0211892990699383"
"181","Bug","Poison","90","60","40","40","40","30","false","1.954242509439325"
"182","Bug","Poison","120","90","70","60","60","40","false","2.0791812460476247"
"183","Poison","Flying","135","90","80","70","80","130","false","2.130333768495006"
"184","Water","Electric","125","38","38","56","56","67","false","2.0969100130080562"
"185","Water","Electric","175","58","58","76","76","67","false","2.2430380486862944"
"186","Electric","","70","40","15","35","35","60","false","1.845098040014257"
"188","Normal","Fairy","140","30","15","40","20","15","false","2.146128035678238"
"191","Psychic","Flying","90","50","45","70","45","70","false","1.954242509439325"
"192","Psychic","Flying","115","75","70","95","70","95","false","2.060697840353612"
"193","Electric","","105","40","40","65","45","35","false","2.0211892990699383"
"194","Electric","","120","55","55","80","60","45","false","2.0791812460476247"
"195","Electric","","140","75","85","115","90","55","false","2.146128035678238"
"196","Electric","Dragon","140","95","105","165","110","45","false","2.146128035678238"
"197","Grass","","125","80","95","90","100","50","false","2.0969100130080562"
"198","Water","Fairy","120","20","50","20","50","40","false","2.0791812460476247"
"199","Water","Fairy","150","50","80","60","80","50","false","2.1760912590556813"
"200","Rock","","120","100","115","30","65","30","false","2.0791812460476247"
"201","Water","","140","75","75","90","100","70","false","2.146128035678238"
"202","Grass","Flying","85","35","40","35","55","50","false","1.9294189257142926"
"203","Grass","Flying","105","45","50","45","65","80","false","2.0211892990699383"
"204","Grass","Flying","125","55","70","55","95","110","false","2.0969100130080562"
"205","Normal","","105","70","55","40","55","85","false","2.0211892990699383"
"206","Grass","","80","30","30","30","30","30","false","1.9030899869919435"
"207","Grass","","125","75","55","105","85","30","false","2.0969100130080562"
"208","Bug","Flying","115","65","45","75","45","95","false","2.060697840353612"
"209","Water","Ground","105","45","45","25","25","15","false","2.0211892990699383"
"210","Water","Ground","145","85","85","65","65","35","false","2.161368002234975"
"211","Psychic","","115","65","60","130","95","110","false","2.060697840353612"
"212","Dark","","145","65","110","60","130","65","false","2.161368002234975"
"213","Dark","Flying","110","85","42","85","42","91","false","2.041392685158225"
"214","Water","Psychic","145","75","80","100","110","30","false","2.161368002234975"
"215","Ghost","","110","60","60","85","85","85","false","2.041392685158225"
"216","Psychic","","98","72","48","72","48","48","false","1.9912260756924949"
"217","Psychic","","240","33","58","33","58","33","false","2.380211241711606"
"218","Normal","Psychic","120","80","65","90","65","85","false","2.0791812460476247"
"219","Bug","","100","65","90","35","35","15","false","2"
"220","Bug","Steel","125","90","140","60","60","40","false","2.0969100130080562"
"221","Normal","","150","70","70","65","65","45","false","2.1760912590556813"
"222","Ground","Flying","115","75","105","35","65","85","false","2.060697840353612"
"223","Steel","Ground","125","85","200","55","65","30","false","2.0969100130080562"
"224","Steel","Ground","125","125","230","55","95","30","false","2.0969100130080562"
"227","Water","Poison","115","95","75","55","55","85","false","2.060697840353612"
"228","Bug","Steel","120","130","100","55","80","65","false","2.0791812460476247"
"229","Bug","Steel","120","150","140","65","100","75","false","2.0791812460476247"
"230","Bug","Rock","70","10","230","10","230","5","false","1.845098040014257"
"231","Bug","Fighting","130","125","75","40","95","85","false","2.113943352306837"
"232","Bug","Fighting","130","185","115","40","105","75","false","2.113943352306837"
"233","Dark","Ice","105","95","55","35","75","115","false","2.0211892990699383"
"234","Normal","","110","80","50","50","50","40","false","2.041392685158225"
"235","Normal","","140","130","75","75","75","55","false","2.146128035678238"
"236","Fire","","90","40","40","70","40","20","false","1.954242509439325"
"237","Fire","Rock","100","50","120","80","80","30","false","2"
"238","Ice","Ground","100","50","40","30","30","50","false","2"
"239","Ice","Ground","150","100","80","60","60","50","false","2.1760912590556813"
"240","Water","Rock","105","55","85","65","85","35","false","2.0211892990699383"
"241","Water","","85","65","35","65","35","65","false","1.9294189257142926"
"242","Water","","125","105","75","105","75","45","false","2.0969100130080562"
"243","Ice","Flying","95","55","45","65","45","75","false","1.9777236052888478"
"244","Water","Flying","115","40","70","80","140","70","false","2.060697840353612"
"245","Steel","Flying","115","80","140","40","70","70","false","2.060697840353612"
"246","Dark","Fire","95","60","30","80","50","65","false","1.9777236052888478"
"247","Dark","Fire","125","90","50","110","80","95","false","2.0969100130080562"
"248","Dark","Fire","125","90","90","140","90","115","false","2.0969100130080562"
"249","Water","Dragon","125","95","95","95","95","85","false","2.0969100130080562"
"250","Ground","","140","60","60","40","40","40","false","2.146128035678238"
"251","Ground","","140","120","120","60","60","50","false","2.146128035678238"
"252","Normal","","135","80","90","105","95","60","false","2.130333768495006"
"253","Normal","","123","95","62","85","65","85","false","2.089905111439398"
"254","Normal","","105","20","35","20","45","75","false","2.0211892990699383"
"255","Fighting","","85","35","35","35","35","35","false","1.9294189257142926"
"256","Fighting","","100","95","95","35","110","70","false","2"
"257","Ice","Psychic","95","30","15","85","65","65","false","1.9777236052888478"
"258","Electric","","95","63","37","65","55","95","false","1.9777236052888478"
"259","Fire","","95","75","37","70","55","83","false","1.9777236052888478"
"260","Normal","","145","80","105","40","70","100","false","2.161368002234975"
"261","Normal","","305","10","10","75","135","55","false","2.484299839346786"
"262","Electric","","140","85","75","115","100","115","true","2.146128035678238"
"263","Fire","","165","115","85","90","75","100","true","2.2174839442139063"
"264","Water","","150","75","115","90","115","85","true","2.1760912590556813"
"265","Rock","Ground","100","64","50","45","50","41","false","2"
"266","Rock","Ground","120","84","70","65","70","51","false","2.0791812460476247"
"267","Rock","Dark","150","134","110","95","100","61","false","2.1760912590556813"
"268","Rock","Dark","150","164","150","95","120","71","false","2.1760912590556813"
"269","Psychic","Flying","156","90","130","90","154","110","true","2.1931245983544616"
"270","Fire","Flying","156","130","90","110","154","90","true","2.1931245983544616"
"271","Psychic","Grass","150","100","100","100","100","100","false","2.1760912590556813"
"272","Grass","","90","45","35","65","55","70","false","1.954242509439325"
"273","Grass","","100","65","45","85","65","95","false","2"
"274","Grass","","120","85","65","105","85","120","false","2.0791812460476247"
"275","Grass","Dragon","120","110","75","145","85","145","false","2.0791812460476247"
"276","Fire","","95","60","40","70","50","45","false","1.9777236052888478"
"277","Fire","Fighting","110","85","60","85","60","55","false","2.041392685158225"
"278","Fire","Fighting","130","120","70","110","70","80","false","2.113943352306837"
"279","Fire","Fighting","130","160","80","130","80","100","false","2.113943352306837"
"280","Water","","100","70","50","50","50","40","false","2"
"281","Water","Ground","120","85","70","60","70","50","false","2.0791812460476247"
"282","Water","Ground","150","110","90","85","90","60","false","2.1760912590556813"
"283","Water","Ground","150","150","110","95","110","70","false","2.1760912590556813"
"284","Dark","","85","55","35","30","30","35","false","1.9294189257142926"
"285","Dark","","120","90","70","60","60","70","false","2.0791812460476247"
"286","Normal","","88","30","41","30","41","60","false","1.9444826721501687"
"287","Normal","","128","70","61","50","61","100","false","2.1072099696478683"
"288","Bug","","95","45","35","20","30","20","false","1.9777236052888478"
"289","Bug","","100","35","55","25","25","15","false","2"
"290","Bug","Flying","110","70","50","100","50","65","false","2.041392685158225"
"291","Bug","","100","35","55","25","25","15","false","2"
"292","Bug","Poison","110","50","70","50","90","65","false","2.041392685158225"
"293","Water","Grass","90","30","30","40","50","30","false","1.954242509439325"
"294","Water","Grass","110","50","50","60","70","50","false","2.041392685158225"
"295","Water","Grass","130","70","70","90","100","70","false","2.113943352306837"
"296","Grass","","90","40","50","30","30","30","false","1.954242509439325"
"297","Grass","Dark","120","70","40","60","40","60","false","2.0791812460476247"
"298","Grass","Dark","140","100","60","90","60","80","false","2.146128035678238"
"299","Normal","Flying","90","55","30","30","30","85","false","1.954242509439325"
"300","Normal","Flying","110","85","60","50","50","125","false","2.041392685158225"
"301","Water","Flying","90","30","30","55","30","85","false","1.954242509439325"
"302","Water","Flying","110","50","100","85","70","65","false","2.041392685158225"
"303","Psychic","Fairy","78","25","25","45","35","40","false","1.8920946026904804"
"304","Psychic","Fairy","88","35","35","65","55","50","false","1.9444826721501687"
"305","Psychic","Fairy","118","65","65","125","115","80","false","2.0718820073061255"
"306","Psychic","Fairy","118","85","65","165","135","100","false","2.0718820073061255"
"307","Bug","Water","90","30","32","50","52","65","false","1.954242509439325"
"308","Bug","Flying","120","60","62","80","82","60","false","2.0791812460476247"
"309","Grass","","110","40","60","40","60","35","false","2.041392685158225"
"310","Grass","Fighting","110","130","80","60","60","70","false","2.041392685158225"
"311","Normal","","110","60","60","35","35","30","false","2.041392685158225"
"312","Normal","","130","80","80","55","55","90","false","2.113943352306837"
"313","Normal","","200","160","100","95","65","100","false","2.3010299956639813"
"314","Bug","Ground","81","45","90","30","30","40","false","1.9084850188786497"
"315","Bug","Flying","111","90","45","50","50","160","false","2.0453229787866576"
"316","Bug","Ghost","51","90","45","30","30","40","false","1.7075701760979363"
"317","Normal","","114","51","23","51","23","28","false","2.0569048513364727"
"318","Normal","","134","71","43","71","43","48","false","2.1271047983648077"
"319","Normal","","154","91","63","91","73","68","false","2.187520720836463"
"320","Fighting","","122","60","30","20","30","25","false","2.0863598306747484"
"321","Fighting","","194","120","60","40","60","50","false","2.287801729930226"
"322","Normal","Fairy","100","20","40","20","40","20","false","2"
"323","Rock","","80","45","135","45","90","30","false","1.9030899869919435"
"324","Normal","","100","45","45","35","35","50","false","2"
"325","Normal","","120","65","65","55","55","70","false","2.0791812460476247"
"326","Dark","Ghost","100","75","75","65","65","50","false","2"
"327","Dark","Ghost","100","85","125","85","115","20","false","2"
"328","Steel","Fairy","100","85","85","55","55","50","false","2"
"329","Steel","Fairy","100","105","125","55","95","50","false","2"
"330","Steel","Rock","100","70","100","40","40","30","false","2"
"331","Steel","Rock","110","90","140","50","50","40","false","2.041392685158225"
"332","Steel","Rock","120","110","180","60","60","50","false","2.0791812460476247"
"333","Steel","","120","140","230","60","80","50","false","2.0791812460476247"
"334","Fighting","Psychic","80","40","55","40","55","60","false","1.9030899869919435"
"335","Fighting","Psychic","110","60","75","60","75","80","false","2.041392685158225"
"336","Fighting","Psychic","110","100","85","80","85","100","false","2.041392685158225"
"337","Electric","","90","45","40","65","40","65","false","1.954242509439325"
"338","Electric","","120","75","60","105","60","105","false","2.0791812460476247"
"339","Electric","","120","75","80","135","80","135","false","2.0791812460476247"
"340","Electric","","110","50","40","85","75","95","false","2.041392685158225"
"341","Electric","","110","40","50","75","85","95","false","2.041392685158225"
"342","Bug","","115","73","55","47","75","85","false","2.060697840353612"
"343","Bug","","115","47","55","73","75","85","false","2.060697840353612"
"344","Grass","Poison","100","60","45","100","80","65","false","2"
"345","Poison","","120","43","53","43","53","40","false","2.0791812460476247"
"346","Poison","","150","73","83","73","83","55","false","2.1760912590556813"
"347","Water","Dark","95","90","20","65","20","65","false","1.9777236052888478"
"348","Water","Dark","120","120","40","95","40","95","false","2.0791812460476247"
"349","Water","Dark","120","140","70","110","65","105","false","2.0791812460476247"
"350","Water","","180","70","35","70","35","60","false","2.255272505103306"
"351","Water","","220","90","45","90","45","60","false","2.342422680822206"
"352","Fire","Ground","110","60","40","65","45","35","false","2.041392685158225"
"353","Fire","Ground","120","100","70","105","75","40","false","2.0791812460476247"
"354","Fire","Ground","120","120","100","145","105","20","false","2.0791812460476247"
"355","Fire","","120","85","140","85","70","20","false","2.0791812460476247"
"356","Psychic","","110","25","35","70","80","60","false","2.041392685158225"
"357","Psychic","","130","45","65","90","110","80","false","2.113943352306837"
"358","Normal","","110","60","60","60","60","60","false","2.041392685158225"
"359","Ground","","95","100","45","45","45","10","false","1.9777236052888478"
"360","Ground","Dragon","100","70","50","50","50","70","false","2"
"361","Ground","Dragon","130","100","80","80","80","100","false","2.113943352306837"
"362","Grass","","100","85","40","85","40","35","false","2"
"363","Grass","Dark","120","115","60","115","60","55","false","2.0791812460476247"
"364","Normal","Flying","95","40","60","40","75","50","false","1.9777236052888478"
"365","Dragon","Flying","125","70","90","70","105","80","false","2.0969100130080562"
"366","Dragon","Fairy","125","110","110","110","105","80","false","2.0969100130080562"
"367","Normal","","123","115","60","60","60","90","false","2.089905111439398"
"368","Poison","","123","100","60","100","60","65","false","2.089905111439398"
"369","Rock","Psychic","120","55","65","95","85","70","false","2.0791812460476247"
"370","Rock","Psychic","120","95","85","55","65","70","false","2.0791812460476247"
"371","Water","Ground","100","48","43","46","41","60","false","2"
"372","Water","Ground","160","78","73","76","71","60","false","2.2041199826559246"
"373","Water","","93","80","65","50","35","35","false","1.968482948553935"
"374","Water","Dark","113","120","85","90","55","55","false","2.0530784434834195"
"375","Ground","Psychic","90","40","55","40","70","55","false","1.954242509439325"
"376","Ground","Psychic","110","70","105","70","120","75","false","2.041392685158225"
"377","Rock","Grass","116","41","77","61","87","23","false","2.0644579892269186"
"378","Rock","Grass","136","81","97","81","107","43","false","2.1335389083702174"
"379","Rock","Bug","95","95","50","40","50","75","false","1.9777236052888478"
"380","Rock","Bug","125","125","100","70","80","45","false","2.0969100130080562"
"381","Water","","70","15","20","10","55","80","false","1.845098040014257"
"382","Water","","145","60","79","100","125","81","false","2.161368002234975"
"383","Normal","","120","70","70","70","70","70","false","2.0791812460476247"
"384","Normal","","110","90","70","60","120","40","false","2.041392685158225"
"385","Ghost","","94","75","35","63","33","45","false","1.9731278535996986"
"386","Ghost","","114","115","65","83","63","65","false","2.0569048513364727"
"387","Ghost","","114","165","75","93","83","75","false","2.0569048513364727"
"388","Ghost","","70","40","90","30","90","25","false","1.845098040014257"
"389","Ghost","","90","70","130","60","130","25","false","1.954242509439325"
"390","Grass","Flying","149","68","83","72","87","51","false","2.173186268412274"
"391","Psychic","","115","50","70","95","80","65","false","2.060697840353612"
"392","Dark","","115","130","60","75","60","75","false","2.060697840353612"
"393","Dark","","115","150","60","115","60","115","false","2.060697840353612"
"394","Psychic","","145","23","48","23","48","23","false","2.161368002234975"
"395","Ice","","100","50","50","50","50","50","false","2"
"396","Ice","","130","80","80","80","80","80","false","2.113943352306837"
"397","Ice","","130","120","80","120","80","100","false","2.113943352306837"
"398","Ice","Water","120","40","50","55","50","25","false","2.0791812460476247"
"399","Ice","Water","140","60","70","75","70","45","false","2.146128035678238"
"400","Ice","Water","160","80","90","95","90","65","false","2.2041199826559246"
"401","Water","","85","64","85","74","55","32","false","1.9294189257142926"
"402","Water","","105","104","105","94","75","52","false","2.0211892990699383"
"403","Water","","105","84","105","114","75","52","false","2.0211892990699383"
"404","Water","Rock","150","90","130","45","65","55","false","2.1760912590556813"
"405","Water","","93","30","55","40","65","97","false","1.968482948553935"
"406","Dragon","","95","75","60","40","30","50","false","1.9777236052888478"
"407","Dragon","","115","95","100","60","50","50","false","2.060697840353612"
"408","Dragon","Flying","145","135","80","110","80","100","false","2.161368002234975"
"409","Dragon","Flying","145","145","130","120","90","120","false","2.161368002234975"
"410","Steel","Psychic","90","55","80","35","60","30","false","1.954242509439325"
"411","Steel","Psychic","110","75","100","55","80","50","false","2.041392685158225"
"412","Steel","Psychic","130","135","130","95","90","70","false","2.113943352306837"
"413","Steel","Psychic","130","145","150","105","110","110","false","2.113943352306837"
"414","Rock","","130","100","200","50","100","50","true","2.113943352306837"
"415","Ice","","130","50","100","100","200","50","true","2.113943352306837"
"416","Steel","","130","75","150","75","150","50","true","2.113943352306837"
"417","Dragon","Psychic","130","80","90","110","130","110","true","2.113943352306837"
"418","Dragon","Psychic","130","100","120","140","150","110","true","2.113943352306837"
"419","Dragon","Psychic","130","90","80","130","110","110","true","2.113943352306837"
"420","Dragon","Psychic","130","130","100","160","120","110","true","2.113943352306837"
"421","Water","","150","100","90","150","140","90","true","2.1760912590556813"
"422","Water","","150","150","90","180","160","90","true","2.1760912590556813"
"423","Ground","","150","150","140","100","90","90","true","2.1760912590556813"
"424","Ground","Fire","150","180","160","150","90","90","true","2.1760912590556813"
"425","Dragon","Flying","155","150","90","150","90","95","true","2.1903316981702914"
"426","Dragon","Flying","155","180","100","180","100","115","true","2.1903316981702914"
"427","Steel","Psychic","150","100","100","100","100","100","true","2.1760912590556813"
"428","Psychic","","100","150","50","150","50","150","true","2"
"429","Psychic","","100","180","20","180","20","150","true","2"
"430","Psychic","","100","70","160","70","160","90","true","2"
"431","Psychic","","100","95","90","95","90","180","true","2"
"432","Grass","","105","68","64","45","55","31","false","2.0211892990699383"
"433","Grass","","125","89","85","55","65","36","false","2.0969100130080562"
"434","Grass","Ground","145","109","105","75","85","56","false","2.161368002234975"
"435","Fire","","94","58","44","58","44","61","false","1.9731278535996986"
"436","Fire","Fighting","114","78","52","78","52","81","false","2.0569048513364727"
"437","Fire","Fighting","126","104","71","104","71","108","false","2.100370545117563"
"438","Water","","103","51","53","61","56","40","false","2.012837224705172"
"439","Water","","114","66","68","81","76","50","false","2.0569048513364727"
"440","Water","Steel","134","86","88","111","101","60","false","2.1271047983648077"
"441","Normal","Flying","90","55","30","30","30","60","false","1.954242509439325"
"442","Normal","Flying","105","75","50","40","40","80","false","2.0211892990699383"
"443","Normal","Flying","135","120","70","50","60","100","false","2.130333768495006"
"444","Normal","","109","45","40","35","40","31","false","2.037426497940624"
"445","Normal","Water","129","85","60","55","60","71","false","2.110589710299249"
"446","Bug","","87","25","41","25","41","25","false","1.9395192526186185"
"447","Bug","","127","85","51","55","51","65","false","2.103803720955957"
"448","Electric","","95","65","34","40","34","45","false","1.9777236052888478"
"449","Electric","","110","85","49","60","49","60","false","2.041392685158225"
"450","Electric","","130","120","79","95","79","70","false","2.113943352306837"
"451","Grass","Poison","90","30","35","50","70","55","false","1.954242509439325"
"452","Grass","Poison","110","70","65","125","105","90","false","2.041392685158225"
"453","Rock","","117","125","40","30","30","58","false","2.0681858617461617"
"454","Rock","","147","165","60","65","50","58","false","2.167317334748176"
"455","Rock","Steel","80","42","118","42","88","30","false","1.9030899869919435"
"456","Rock","Steel","110","52","168","47","138","30","false","2.041392685158225"
"457","Bug","","90","29","45","29","45","36","false","1.954242509439325"
"458","Bug","Grass","110","59","85","79","105","36","false","2.041392685158225"
"459","Bug","Ground","110","79","105","59","85","36","false","2.041392685158225"
"460","Bug","Steel","110","69","95","69","95","36","false","2.041392685158225"
"461","Bug","Flying","120","94","50","94","50","66","false","2.0791812460476247"
"462","Bug","Flying","80","30","42","30","42","70","false","1.9030899869919435"
"463","Bug","Flying","120","80","102","80","102","40","false","2.0791812460476247"
"464","Electric","","110","45","70","45","90","95","false","2.041392685158225"
"465","Water","","105","65","35","60","30","85","false","2.0211892990699383"
"466","Water","","135","105","55","85","50","115","false","2.130333768495006"
"467","Grass","","95","35","45","62","53","35","false","1.9777236052888478"
"468","Grass","","120","60","70","87","78","85","false","2.0791812460476247"
"469","Water","","126","48","48","57","62","34","false","2.100370545117563"
"470","Water","Ground","161","83","68","92","82","39","false","2.2068258760318495"
"471","Normal","","125","100","66","60","66","115","false","2.0969100130080562"
"472","Ghost","Flying","140","50","34","60","44","70","false","2.146128035678238"
"473","Ghost","Flying","200","80","44","90","54","80","false","2.3010299956639813"
"474","Normal","","105","66","44","44","56","85","false","2.0211892990699383"
"475","Normal","","115","76","84","54","96","105","false","2.060697840353612"
"476","Normal","Fighting","115","136","94","54","96","135","false","2.060697840353612"
"477","Ghost","","110","60","60","105","105","105","false","2.041392685158225"
"478","Dark","Flying","150","125","52","105","52","71","false","2.1760912590556813"
"479","Normal","","99","55","42","42","37","85","false","1.99563519459755"
"480","Normal","","121","82","64","64","59","112","false","2.0827853703164503"
"481","Psychic","","95","30","50","65","50","45","false","1.9777236052888478"
"482","Poison","Dark","113","63","47","41","41","74","false","2.0530784434834195"
"483","Poison","Dark","153","93","67","71","61","84","false","2.184691430817599"
"484","Steel","Psychic","107","24","86","24","86","23","false","2.0293837776852097"
"485","Steel","Psychic","117","89","116","79","116","33","false","2.0681858617461617"
"486","Rock","","100","80","95","10","45","10","false","2"
"487","Psychic","Fairy","70","25","45","70","90","60","false","1.845098040014257"
"488","Normal","","150","5","5","15","65","30","false","2.1760912590556813"
"489","Normal","Flying","126","65","45","92","42","91","false","2.100370545117563"
"490","Ghost","Dark","100","92","108","92","108","35","false","2"
"491","Dragon","Ground","108","70","45","40","45","42","false","2.03342375548695"
"492","Dragon","Ground","118","90","65","50","55","82","false","2.0718820073061255"
"493","Dragon","Ground","158","130","95","80","85","102","false","2.1986570869544226"
"494","Dragon","Ground","158","170","115","120","95","92","false","2.1986570869544226"
"495","Normal","","185","85","40","40","85","5","false","2.2671717284030137"
"496","Fighting","","90","70","40","35","40","60","false","1.954242509439325"
"497","Fighting","Steel","120","110","70","115","70","90","false","2.0791812460476247"
"498","Fighting","Steel","120","145","88","140","70","112","false","2.0791812460476247"
"499","Ground","","118","72","78","38","42","32","false","2.0718820073061255"
"500","Ground","","158","112","118","68","72","47","false","2.1986570869544226"
"501","Poison","Bug","90","50","90","30","55","65","false","1.954242509439325"
"502","Poison","Dark","120","90","110","60","75","95","false","2.0791812460476247"
"503","Poison","Fighting","98","61","40","61","40","50","false","1.9912260756924949"
"504","Poison","Fighting","133","106","65","86","65","85","false","2.123851640967086"
"505","Grass","","124","100","72","90","72","46","false","2.093421685162235"
"506","Water","","99","49","56","49","61","66","false","1.99563519459755"
"507","Water","","119","69","76","69","86","91","false","2.0755469613925306"
"508","Water","Flying","95","20","50","60","120","50","false","1.9777236052888478"
"509","Grass","Ice","110","62","50","62","60","40","false","2.041392685158225"
"510","Grass","Ice","140","92","75","92","85","60","false","2.146128035678238"
"511","Grass","Ice","140","132","105","132","105","30","false","2.146128035678238"
"512","Dark","Ice","120","120","65","45","85","125","false","2.0791812460476247"
"513","Electric","Steel","120","70","115","130","90","60","false","2.0791812460476247"
"514","Normal","","160","85","95","80","95","50","false","2.2041199826559246"
"515","Ground","Rock","165","140","130","55","55","40","false","2.2174839442139063"
"516","Grass","","150","100","125","110","50","50","false","2.1760912590556813"
"517","Electric","","125","123","67","95","85","95","false","2.0969100130080562"
"518","Fire","","125","95","67","125","95","83","false","2.0969100130080562"
"520","Bug","Flying","136","76","86","116","56","95","false","2.1335389083702174"
"521","Grass","","115","110","130","60","65","95","false","2.060697840353612"
"522","Ice","","115","60","110","130","95","65","false","2.060697840353612"
"523","Ground","Flying","125","95","125","45","75","95","false","2.0969100130080562"
"524","Ice","Ground","160","130","80","70","60","80","false","2.2041199826559246"
"525","Normal","","135","80","70","135","75","90","false","2.130333768495006"
"526","Psychic","Fighting","118","125","65","65","115","80","false","2.0718820073061255"
"527","Psychic","Fighting","118","165","95","65","115","110","false","2.0718820073061255"
"528","Rock","Steel","110","55","145","75","150","40","false","2.041392685158225"
"529","Ghost","","95","100","135","65","135","45","false","1.9777236052888478"
"530","Ice","Ghost","120","80","70","80","70","110","false","2.0791812460476247"
"531","Electric","Ghost","100","50","77","95","77","91","false","2"
"532","Electric","Fire","100","65","107","105","107","86","false","2"
"533","Electric","Water","100","65","107","105","107","86","false","2"
"534","Electric","Ice","100","65","107","105","107","86","false","2"
"535","Electric","Flying","100","65","107","105","107","86","false","2"
"536","Electric","Grass","100","65","107","105","107","86","false","2"
"537","Psychic","","125","75","130","75","130","95","true","2.0969100130080562"
"538","Psychic","","130","105","105","105","105","80","true","2.113943352306837"
"539","Psychic","","125","125","70","125","70","115","true","2.0969100130080562"
"540","Steel","Dragon","150","120","120","150","100","90","true","2.1760912590556813"
"541","Water","Dragon","140","120","100","150","120","100","true","2.146128035678238"
"542","Fire","Steel","141","90","106","130","106","77","true","2.1492191126553797"
"543","Normal","","160","160","110","80","110","100","true","2.2041199826559246"
"544","Ghost","Dragon","200","100","120","100","120","90","true","2.3010299956639813"
"545","Ghost","Dragon","200","120","100","120","100","90","true","2.3010299956639813"
"546","Psychic","","170","70","120","75","130","85","false","2.230448921378274"
"547","Water","","130","80","80","80","80","80","false","2.113943352306837"
"548","Water","","150","100","100","100","100","100","false","2.1760912590556813"
"549","Dark","","120","90","90","135","90","125","true","2.0791812460476247"
"550","Grass","","150","100","100","100","100","100","true","2.1760912590556813"
"551","Grass","Flying","150","103","75","120","75","127","true","2.1760912590556813"
"552","Normal","","170","120","120","120","120","120","true","2.230448921378274"
"553","Psychic","Fire","150","100","100","100","100","100","true","2.1760912590556813"
"554","Grass","","95","45","55","45","55","63","false","1.9777236052888478"
"555","Grass","","110","60","75","60","75","83","false","2.041392685158225"
"556","Grass","","125","75","95","75","95","113","false","2.0969100130080562"
"557","Fire","","115","63","45","45","45","45","false","2.060697840353612"
"558","Fire","Fighting","140","93","55","70","55","55","false","2.146128035678238"
"559","Fire","Fighting","160","123","65","100","65","65","false","2.2041199826559246"
"560","Water","","105","55","45","63","45","45","false","2.0211892990699383"
"561","Water","","125","75","60","83","60","60","false","2.0969100130080562"
"562","Water","","145","100","85","108","70","70","false","2.161368002234975"
"563","Normal","","95","55","39","35","39","42","false","1.9777236052888478"
"564","Normal","","110","85","69","60","69","77","false","2.041392685158225"
"565","Normal","","95","60","45","25","45","55","false","1.9777236052888478"
"566","Normal","","115","80","65","35","65","60","false","2.060697840353612"
"567","Normal","","135","110","90","45","90","80","false","2.130333768495006"
"568","Dark","","91","50","37","50","37","66","false","1.9590413923210936"
"569","Dark","","114","88","50","88","50","106","false","2.0569048513364727"
"570","Grass","","100","53","48","53","48","64","false","2"
"571","Grass","","125","98","63","98","63","101","false","2.0969100130080562"
"572","Fire","","100","53","48","53","48","64","false","2"
"573","Fire","","125","98","63","98","63","101","false","2.0969100130080562"
"574","Water","","100","53","48","53","48","64","false","2"
"575","Water","","125","98","63","98","63","101","false","2.0969100130080562"
"576","Psychic","","126","25","45","67","55","24","false","2.100370545117563"
"577","Psychic","","166","55","85","107","95","29","false","2.220108088040055"
"578","Normal","Flying","100","55","50","36","30","43","false","2"
"579","Normal","Flying","112","77","62","50","42","65","false","2.0492180226701815"
"580","Normal","Flying","130","115","80","65","55","93","false","2.113943352306837"
"581","Electric","","95","60","32","50","32","76","false","1.9777236052888478"
"582","Electric","","125","100","63","80","63","116","false","2.0969100130080562"
"583","Rock","","105","75","85","25","25","15","false","2.0211892990699383"
"584","Rock","","120","105","105","50","40","20","false","2.0791812460476247"
"585","Rock","","135","135","130","60","80","25","false","2.130333768495006"
"586","Psychic","Flying","105","45","43","55","43","72","false","2.0211892990699383"
"587","Psychic","Flying","117","57","55","77","55","114","false","2.0681858617461617"
"588","Ground","","110","85","40","30","45","68","false","2.041392685158225"
"589","Ground","Steel","160","135","60","50","65","88","false","2.2041199826559246"
"590","Normal","","153","60","86","60","86","50","false","2.184691430817599"
"591","Normal","Fairy","153","60","126","80","126","50","false","2.184691430817599"
"592","Fighting","","125","80","55","25","35","35","false","2.0969100130080562"
"593","Fighting","","135","105","85","40","50","40","false","2.130333768495006"
"594","Fighting","","155","140","95","55","65","45","false","2.1903316981702914"
"595","Water","","100","50","40","50","40","64","false","2"
"596","Water","Ground","125","65","55","65","55","69","false","2.0969100130080562"
"597","Water","Ground","155","95","75","85","75","74","false","2.1903316981702914"
"598","Fighting","","170","100","85","30","85","45","false","2.230448921378274"
"599","Fighting","","125","125","75","30","75","85","false","2.0969100130080562"
"600","Bug","Grass","95","53","70","40","60","42","false","1.9777236052888478"
"601","Bug","Grass","105","63","90","50","80","42","false","2.0211892990699383"
"602","Bug","Grass","125","103","80","70","80","92","false","2.0969100130080562"
"603","Bug","Poison","80","45","59","30","39","57","false","1.9030899869919435"
"604","Bug","Poison","90","55","99","40","79","47","false","1.954242509439325"
"605","Bug","Poison","110","100","89","55","69","112","false","2.041392685158225"
"606","Grass","Fairy","90","27","60","37","50","66","false","1.954242509439325"
"607","Grass","Fairy","110","67","85","77","75","116","false","2.041392685158225"
"608","Grass","","95","35","50","70","50","30","false","1.9777236052888478"
"609","Grass","","120","60","75","110","75","90","false","2.0791812460476247"
"610","Water","","120","92","65","80","55","98","false","2.0791812460476247"
"611","Ground","Dark","100","72","35","35","35","65","false","2"
"612","Ground","Dark","110","82","45","45","45","74","false","2.041392685158225"
"613","Ground","Dark","145","117","80","65","70","92","false","2.161368002234975"
"614","Fire","","120","90","45","15","45","50","false","2.0791812460476247"
"615","Fire","","155","140","55","30","55","95","false","2.1903316981702914"
"616","Fire","Psychic","155","30","105","140","105","55","false","2.1903316981702914"
"617","Grass","","125","86","67","106","67","60","false","2.0969100130080562"
"618","Bug","Rock","100","65","85","35","35","55","false","2"
"619","Bug","Rock","120","95","125","65","75","45","false","2.0791812460476247"
"620","Dark","Fighting","100","75","70","35","70","48","false","2"
"621","Dark","Fighting","115","90","115","45","115","58","false","2.060697840353612"
"622","Psychic","Flying","122","58","80","103","80","97","false","2.0863598306747484"
"623","Ghost","","88","30","85","55","65","30","false","1.9444826721501687"
"624","Ghost","","108","50","145","95","105","30","false","2.03342375548695"
"625","Water","Rock","104","78","103","53","45","22","false","2.0170333392987803"
"626","Water","Rock","124","108","133","83","65","32","false","2.093421685162235"
"627","Rock","Flying","105","112","45","74","45","70","false","2.0211892990699383"
"628","Rock","Flying","125","140","65","112","65","110","false","2.0969100130080562"
"629","Poison","","100","50","62","40","62","65","false","2"
"630","Poison","","130","95","82","60","82","75","false","2.113943352306837"
"631","Dark","","90","65","40","80","40","65","false","1.954242509439325"
"632","Dark","","110","105","60","120","60","105","false","2.041392685158225"
"633","Normal","","105","50","40","40","40","75","false","2.0211892990699383"
"634","Normal","","125","95","60","65","60","115","false","2.0969100130080562"
"635","Psychic","","95","30","50","55","65","45","false","1.9777236052888478"
"636","Psychic","","110","45","70","75","85","55","false","2.041392685158225"
"637","Psychic","","120","55","95","95","110","65","false","2.0791812460476247"
"638","Psychic","","95","30","40","105","50","20","false","1.9777236052888478"
"639","Psychic","","115","40","50","125","60","30","false","2.060697840353612"
"640","Psychic","","160","65","75","125","85","30","false","2.2041199826559246"
"641","Water","Flying","112","44","50","44","50","55","false","2.0492180226701815"
"642","Water","Flying","125","87","63","87","63","98","false","2.0969100130080562"
"643","Ice","","86","50","50","65","60","44","false","1.9344984512435677"
"644","Ice","","101","65","65","80","75","59","false","2.0043213737826426"
"645","Ice","","121","95","85","110","95","79","false","2.0827853703164503"
"646","Normal","Grass","110","60","50","40","50","75","false","2.041392685158225"
"647","Normal","Grass","130","100","70","60","70","95","false","2.113943352306837"
"648","Electric","Flying","105","75","60","75","60","103","false","2.0211892990699383"
"649","Bug","","100","75","45","40","45","60","false","2"
"650","Bug","Steel","120","135","105","60","105","20","false","2.0791812460476247"
"651","Grass","Poison","119","55","45","55","55","15","false","2.0755469613925306"
"652","Grass","Poison","164","85","70","85","80","30","false","2.214843848047698"
"653","Water","Ghost","105","40","50","65","85","40","false","2.0211892990699383"
"654","Water","Ghost","150","60","70","85","105","60","false","2.1760912590556813"
"655","Water","","215","75","80","40","45","65","false","2.3324384599156054"
"656","Bug","Electric","100","47","50","57","50","65","false","2"
"657","Bug","Electric","120","77","60","97","60","108","false","2.0791812460476247"
"658","Grass","Steel","94","50","91","24","86","10","false","1.9731278535996986"
"659","Grass","Steel","124","94","131","54","116","20","false","2.093421685162235"
"660","Steel","","90","55","70","45","60","30","false","1.954242509439325"
"661","Steel","","110","80","95","70","85","50","false","2.041392685158225"
"662","Steel","","110","100","115","70","85","90","false","2.041392685158225"
"663","Electric","","85","55","40","45","40","60","false","1.9294189257142926"
"664","Electric","","115","85","70","75","70","40","false","2.060697840353612"
"665","Electric","","135","115","80","105","80","50","false","2.130333768495006"
"666","Psychic","","105","55","55","85","55","30","false","2.0211892990699383"
"667","Psychic","","125","75","75","125","95","40","false","2.0969100130080562"
"668","Ghost","Fire","100","30","55","65","55","20","false","2"
"669","Ghost","Fire","110","40","60","95","60","55","false","2.041392685158225"
"670","Ghost","Fire","110","55","90","145","90","80","false","2.041392685158225"
"671","Dragon","","96","87","60","30","40","57","false","1.9822712330395684"
"672","Dragon","","116","117","70","40","50","67","false","2.0644579892269186"
"673","Dragon","","126","147","90","60","70","97","false","2.100370545117563"
"674","Ice","","105","70","40","60","40","40","false","2.0211892990699383"
"675","Ice","","145","110","80","70","80","50","false","2.161368002234975"
"676","Ice","","120","50","30","95","135","105","false","2.0791812460476247"
"677","Bug","","100","40","85","40","65","25","false","2"
"678","Bug","","130","70","40","100","60","145","false","2.113943352306837"
"679","Ground","Electric","159","66","84","81","99","32","false","2.2013971243204513"
"680","Fighting","","95","85","50","55","50","65","false","1.9777236052888478"
"681","Fighting","","115","125","60","95","60","105","false","2.060697840353612"
"682","Dragon","","127","120","90","60","90","48","false","2.103803720955957"
"683","Ground","Ghost","109","74","50","35","50","35","false","2.037426497940624"
"684","Ground","Ghost","139","124","80","55","80","55","false","2.143014800254095"
"685","Dark","Steel","95","85","70","40","40","60","false","1.9777236052888478"
"686","Dark","Steel","115","125","100","60","70","70","false","2.060697840353612"
"687","Normal","","145","110","95","40","95","55","false","2.161368002234975"
"688","Normal","Flying","120","83","50","37","50","60","false","2.0791812460476247"
"689","Normal","Flying","150","123","75","57","75","80","false","2.1760912590556813"
"690","Dark","Flying","120","55","75","45","65","60","false","2.0791812460476247"
"691","Dark","Flying","160","65","105","55","95","80","false","2.2041199826559246"
"692","Fire","","135","97","66","105","66","65","false","2.130333768495006"
"693","Bug","Steel","108","109","112","48","48","109","false","2.03342375548695"
"694","Dark","Dragon","102","65","50","45","50","38","false","2.0086001717619175"
"695","Dark","Dragon","122","85","70","65","70","58","false","2.0863598306747484"
"696","Dark","Dragon","142","105","90","125","90","98","false","2.1522883443830563"
"697","Bug","Fire","105","85","55","50","55","60","false","2.0211892990699383"
"698","Bug","Fire","135","60","65","135","105","100","false","2.130333768495006"
"699","Steel","Fighting","141","90","129","90","72","108","true","2.1492191126553797"
"700","Rock","Fighting","141","129","90","72","90","108","true","2.1492191126553797"
"701","Grass","Fighting","141","90","72","90","129","108","true","2.1492191126553797"
"704","Electric","Flying","129","115","70","125","80","111","true","2.110589710299249"
"705","Electric","Flying","129","105","70","145","80","101","true","2.110589710299249"
"706","Dragon","Fire","150","120","100","150","120","90","true","2.1760912590556813"
"707","Dragon","Electric","150","150","120","120","100","90","true","2.1760912590556813"
"708","Ground","Flying","139","125","90","115","80","101","true","2.143014800254095"
"709","Ground","Flying","139","145","90","105","80","91","true","2.143014800254095"
"710","Dragon","Ice","175","130","90","130","90","95","true","2.2430380486862944"
"711","Dragon","Ice","175","170","100","120","90","95","true","2.2430380486862944"
"712","Dragon","Ice","175","120","90","170","100","95","true","2.2430380486862944"
"713","Water","Fighting","141","72","90","129","90","108","false","2.1492191126553797"
"714","Water","Fighting","141","72","90","129","90","108","false","2.1492191126553797"
"715","Normal","Psychic","150","77","77","128","128","90","false","2.1760912590556813"
"716","Normal","Fighting","150","128","90","77","77","128","false","2.1760912590556813"
"717","Bug","Steel","121","120","95","120","95","99","false","2.0827853703164503"
"718","Grass","","106","61","65","48","45","38","false","2.0253058652647704"
"719","Grass","","111","78","95","56","58","57","false","2.0453229787866576"
"720","Grass","Fighting","138","107","122","74","75","64","false","2.1398790864012365"
"721","Fire","","90","45","40","62","60","60","false","1.954242509439325"
"722","Fire","","109","59","58","90","70","73","false","2.037426497940624"
"723","Fire","Psychic","125","69","72","114","100","104","false","2.0969100130080562"
"724","Water","","91","56","40","62","44","71","false","1.9590413923210936"
"725","Water","","104","63","52","83","56","97","false","2.0170333392987803"
"726","Water","Dark","122","95","67","103","71","122","false","2.0863598306747484"
"727","Normal","","88","36","38","32","36","57","false","1.9444826721501687"
"728","Normal","Ground","135","56","77","50","77","78","false","2.130333768495006"
"729","Normal","Flying","95","50","43","40","38","62","false","1.9777236052888478"
"730","Fire","Flying","112","73","55","56","52","84","false","2.0492180226701815"
"731","Fire","Flying","128","81","71","74","69","126","false","2.1072099696478683"
"732","Bug","","88","35","40","27","25","35","false","1.9444826721501687"
"733","Bug","","95","22","60","27","30","29","false","1.9777236052888478"
"734","Bug","Flying","130","52","50","90","50","89","false","2.113943352306837"
"735","Fire","Normal","112","50","58","73","54","72","false","2.0492180226701815"
"736","Fire","Normal","136","68","72","109","66","106","false","2.1335389083702174"
"740","Grass","","116","65","48","62","57","52","false","2.0644579892269186"
"741","Grass","","173","100","62","97","81","68","false","2.2380461031287955"
"742","Fighting","","117","82","62","46","48","43","false","2.0681858617461617"
"743","Fighting","Dark","145","124","78","69","71","58","false","2.161368002234975"
"744","Normal","","125","80","60","65","90","102","false","2.0969100130080562"
"745","Psychic","","112","48","54","63","60","68","false","2.0492180226701815"
"746","Psychic","","124","48","76","83","81","104","false","2.093421685162235"
"747","Psychic","","124","48","76","83","81","104","false","2.093421685162235"
"748","Steel","Ghost","95","80","100","35","37","28","false","1.9777236052888478"
"749","Steel","Ghost","109","110","150","45","49","35","false","2.037426497940624"
"750","Steel","Ghost","110","150","50","150","50","60","false","2.041392685158225"
"751","Steel","Ghost","110","50","150","50","150","60","false","2.041392685158225"
"756","Dark","Psychic","103","54","53","37","46","45","false","2.012837224705172"
"757","Dark","Psychic","136","92","88","68","75","73","false","2.1335389083702174"
"758","Rock","Water","92","52","67","39","56","50","false","1.9637878273455553"
"759","Rock","Water","122","105","115","54","86","68","false","2.0863598306747484"
"760","Poison","Water","100","60","60","60","60","30","false","2"
"761","Poison","Dragon","115","75","90","97","123","44","false","2.060697840353612"
"762","Water","","100","53","62","58","63","44","false","2"
"763","Water","","121","73","88","120","89","59","false","2.0827853703164503"
"764","Electric","Normal","94","38","33","61","43","70","false","1.9731278535996986"
"765","Electric","Normal","112","55","52","109","94","109","false","2.0492180226701815"
"766","Rock","Dragon","108","89","77","45","45","48","false","2.03342375548695"
"767","Rock","Dragon","132","121","119","69","59","71","false","2.12057393120585"
"768","Rock","Ice","127","59","50","67","63","46","false","2.103803720955957"
"769","Rock","Ice","173","77","72","99","92","58","false","2.2380461031287955"
"771","Fighting","Flying","128","92","75","74","63","118","false","2.1072099696478683"
"772","Electric","Fairy","117","58","57","81","67","101","false","2.0681858617461617"
"773","Rock","Fairy","100","50","150","50","150","50","false","2"
"774","Dragon","","95","50","35","55","75","40","false","1.9777236052888478"
"775","Dragon","","118","75","53","83","113","60","false","2.0718820073061255"
"776","Dragon","","140","100","70","110","150","80","false","2.146128035678238"
"777","Steel","Fairy","107","80","91","80","87","75","false","2.0293837776852097"
"778","Ghost","Grass","93","70","48","50","60","38","false","1.968482948553935"
"779","Ghost","Grass","135","110","76","65","82","56","false","2.130333768495006"
"780","Ghost","Grass","99","66","70","44","55","51","false","1.99563519459755"
"781","Ghost","Grass","94","66","70","44","55","56","false","1.9731278535996986"
"782","Ghost","Grass","104","66","70","44","55","46","false","2.0170333392987803"
"783","Ghost","Grass","109","66","70","44","55","41","false","2.037426497940624"
"784","Ghost","Grass","115","90","122","58","75","84","false","2.060697840353612"
"785","Ghost","Grass","105","85","122","58","75","99","false","2.0211892990699383"
"786","Ghost","Grass","125","95","122","58","75","69","false","2.0969100130080562"
"787","Ghost","Grass","135","100","122","58","75","54","false","2.130333768495006"
"788","Ice","","105","69","85","32","35","28","false","2.0211892990699383"
"789","Ice","","145","117","184","44","46","28","false","2.161368002234975"
"793","Dark","Flying","176","131","95","131","98","99","true","2.24551266781415"
"794","Dragon","Ground","158","100","121","81","95","95","true","2.1986570869544226"
"795","Rock","Fairy","100","100","150","100","150","50","true","2"
"796","Rock","Fairy","100","160","110","160","110","110","true","2"
"797","Psychic","Ghost","130","110","60","150","130","70","true","2.113943352306837"
"798","Psychic","Dark","130","160","60","170","130","80","true","2.113943352306837"
"799","Fire","Water","130","110","120","130","90","70","true","2.113943352306837"
